vehicle_id,taxi_type,work_start,work_end,temporary_stopTime,lat,lon,cartype
0,1,20,4,0,37.36495095289184,127.07395124734735,0
1,1,20,4,0,37.4290926623912,127.1515307677674,0
2,1,20,4,0,37.40485764029915,127.06447050138665,0
3,1,20,4,0,37.4104567341324,127.1369734407283,0
4,1,20,4,0,37.41672597493421,127.06477356989737,0
5,1,20,4,0,37.43212513524736,127.16318984674017,0
6,1,20,4,0,37.35537100758912,127.08491650498806,0
7,1,20,4,0,37.418771254799495,127.17019643939454,0
8,1,20,4,0,37.43659358129903,127.1634099248401,0
9,1,20,4,0,37.4114608420859,127.09135294602052,0
10,1,20,4,0,37.420863687205255,127.1671551238447,0
11,1,20,4,0,37.41504091718042,127.17258590939905,0
12,1,20,4,0,37.37431109771857,127.06602738147335,0
13,1,20,4,0,37.37269664400617,127.0446929587346,0
14,1,20,4,0,37.384981970928294,127.13458607907582,0
15,1,20,4,0,37.363012692639366,127.08994853615944,0
16,1,20,4,0,37.41953573747291,127.13666257036728,0
17,1,20,4,0,37.38705029362683,127.05518408381505,0
18,1,20,4,0,37.430212131101904,127.12134887551872,0
19,1,20,4,0,37.443137771487024,127.16941593214158,0
20,1,20,4,0,37.37124932119542,127.08074745200825,0
21,1,20,4,0,37.38933830133375,127.13790724043498,0
22,1,20,4,0,37.36826303424333,127.07224492994965,0
23,1,20,4,0,37.370542221931814,127.12209171358889,0
24,1,20,4,0,37.460368482715225,127.1259951955977,0
25,1,20,4,0,37.36440075202614,127.09486104576773,0
26,1,20,4,0,37.422126226702865,127.04614684599072,0
27,1,20,4,0,37.393090446208205,127.16087984001938,0
28,1,20,4,0,37.38735634907254,127.0383927213587,0
29,1,20,4,0,37.45512907383895,127.1909738946126,0
30,1,20,4,0,37.40932929006468,127.14232414794749,0
31,1,20,4,0,37.424037903128436,127.07257193533901,0
32,1,20,4,0,37.39487334480801,127.04646679349364,0
33,1,20,4,0,37.35864852244439,127.11187278875552,0
34,1,20,4,0,37.45650654487345,127.18114694831988,0
35,1,20,4,0,37.42375328173388,127.07788795354692,0
36,1,20,4,0,37.354997571761,127.13009477174127,0
37,1,20,4,0,37.409669977937035,127.15590865067168,0
38,1,20,4,0,37.4083934261217,127.15861808521797,0
39,1,20,4,0,37.45101114848414,127.17544653780622,0
40,1,20,4,0,37.467316971854196,127.17532678657821,0
41,1,20,4,0,37.40211866834457,127.04211259329217,0
42,1,20,4,0,37.411144434176016,127.10761862015863,0
43,1,20,4,0,37.363336757702434,127.09885188154743,0
44,1,20,4,0,37.43662176791575,127.11838087001105,0
45,1,20,4,0,37.37746922922934,127.06153052949966,0
46,1,20,4,0,37.40658612233394,127.10136737904416,0
47,1,20,4,0,37.416590621195034,127.08455252390328,0
48,1,20,4,0,37.36452757122342,127.06640002138401,0
49,1,20,4,0,37.42800049941157,127.06772650430904,0
50,1,20,4,0,37.4443569203267,127.10717958889353,0
51,1,20,4,0,37.39434802485697,127.04400859007102,0
52,1,20,4,0,37.39943613535292,127.098925970966,0
53,1,20,4,0,37.42862096654134,127.15028742846009,0
54,1,20,4,0,37.381371053359736,127.0954025361143,0
55,1,20,4,0,37.39683205592307,127.059690889144,0
56,1,20,4,0,37.37277748317266,127.09864066713274,0
57,1,20,4,0,37.45520961045988,127.10221315460575,0
58,1,20,4,0,37.34053514014067,127.12023514872035,0
59,1,20,4,0,37.36361243864437,127.10936017561565,0
60,1,20,4,0,37.39321031980992,127.10421006959993,0
61,1,20,4,0,37.4349919773348,127.12115025023895,0
62,1,20,4,0,37.3753464231943,127.05373726322883,0
63,1,20,4,0,37.43917399114109,127.11886828081357,0
64,1,20,4,0,37.453989089651,127.11225346717279,0
65,1,20,4,0,37.42888234961673,127.12775194424374,0
66,1,20,4,0,37.420985574747824,127.127665200105,0
67,1,20,4,0,37.41593484198738,127.09819400761968,0
68,1,20,4,0,37.38936007550642,127.06784105035119,0
69,1,20,4,0,37.37581165721475,127.1406395195393,0
70,1,20,4,0,37.4397240439247,127.08086919880145,0
71,1,20,4,0,37.39820006559909,127.03990842910409,0
72,1,20,4,0,37.45774438648585,127.17580670944903,0
73,1,20,4,0,37.35569170040829,127.08983860342155,0
74,1,20,4,0,37.432888989330436,127.1678848314195,0
75,1,20,4,0,37.466182697454705,127.13924383567358,0
76,1,20,4,0,37.41892737629291,127.07350048870627,0
77,1,20,4,0,37.362176818663954,127.14836011012764,0
78,1,20,4,0,37.37071793258338,127.13434288997,0
79,1,20,4,0,37.461431211677834,127.10984617654663,0
80,1,20,4,0,37.37251370771708,127.09892549173551,0
81,1,20,4,0,37.37043100068882,127.13482631720922,0
82,1,20,4,0,37.411409893755575,127.15233098724356,0
83,1,20,4,0,37.415770385805665,127.16802774790526,0
84,1,20,4,0,37.45511816590876,127.16155955590536,0
85,1,20,4,0,37.45843241835963,127.15886855037691,0
86,1,20,4,0,37.4211666186583,127.09603402848417,0
87,1,20,4,0,37.45804791261057,127.16402247616584,0
88,1,20,4,0,37.455593610817125,127.16258727085334,0
89,1,20,4,0,37.454819820966684,127.17434446813155,0
90,1,20,4,0,37.37654626951134,127.10510026460098,0
91,1,20,4,0,37.389910638258755,127.13556074418312,0
92,1,20,4,0,37.39484484564888,127.04593726527702,0
93,1,20,4,0,37.37774659743527,127.15019819005006,0
94,1,20,4,0,37.405715869399046,127.1296305207889,0
95,1,20,4,0,37.41493284218803,127.0924728303337,0
96,1,20,4,0,37.43513649054353,127.11823895782483,0
97,1,20,4,0,37.42823397906568,127.15245189699355,0
98,1,20,4,0,37.380083580715635,127.1393865680128,0
99,1,20,4,0,37.375857652050826,127.14872024478514,0
100,1,20,4,0,37.39114322558171,127.07971039746162,0
101,1,20,4,0,37.37519753959626,127.09536539832563,0
102,1,20,4,0,37.39284806896739,127.04911233194187,0
103,1,20,4,0,37.429180137425156,127.18581001103034,0
104,1,20,4,0,37.420438681414936,127.1794955836848,0
105,1,20,4,0,37.41088045226465,127.0783091184836,0
106,1,20,4,0,37.41541327872166,127.09998675474151,0
107,1,20,4,0,37.39914809476317,127.13778399845012,0
108,1,20,4,0,37.36360594677514,127.10204991518987,0
109,1,20,4,0,37.460843431994796,127.1072661996562,0
110,1,20,4,0,37.380789117331666,127.13412481562771,0
111,1,20,4,0,37.439621307873644,127.16530891912122,0
112,1,20,4,0,37.36515320270908,127.14082537196238,0
113,1,20,4,0,37.400583455497156,127.06887612197653,0
114,1,20,4,0,37.42245427534977,127.09738971783223,0
115,1,20,4,0,37.367889197169035,127.11082891539829,0
116,1,20,4,0,37.44229567348584,127.15396743500716,0
117,1,20,4,0,37.393512819892706,127.04563207782819,0
118,1,20,4,0,37.34048281499421,127.11479338029733,0
119,1,20,4,0,37.4467327227627,127.1044544309936,0
120,1,20,4,0,37.47310797441935,127.13994811064508,0
121,1,20,4,0,37.4677540463066,127.12782208765437,0
122,1,20,4,0,37.42003379458791,127.17758239490811,0
123,1,20,4,0,37.40477601165067,127.14863949447003,0
124,1,20,4,0,37.4108712214956,127.16735090532138,0
125,1,20,4,0,37.43856295113562,127.17855451849623,0
126,1,20,4,0,37.37004009939558,127.10751641055643,0
127,1,20,4,0,37.42357109805688,127.06927914805294,0
128,1,20,4,0,37.407112843045915,127.1564639452305,0
129,1,20,4,0,37.372219118532655,127.13308372056487,0
130,1,20,4,0,37.37379345170001,127.04073900258409,0
131,1,20,4,0,37.378599802941835,127.07339404843552,0
132,1,20,4,0,37.35295160455922,127.11852480675691,0
133,1,20,4,0,37.41012712948858,127.09623947278904,0
134,1,20,4,0,37.362634672722926,127.09761386481601,0
135,1,20,4,0,37.431755068925796,127.12591002794171,0
136,1,20,4,0,37.441666034859935,127.17174951400963,0
137,1,20,4,0,37.439951852732285,127.08685132566387,0
138,1,20,4,0,37.46823363311163,127.17119738060275,0
139,1,20,4,0,37.43910894383685,127.09815977204674,0
140,1,20,4,0,37.41870429083054,127.11953020375807,0
141,1,20,4,0,37.364415019909806,127.06479005821531,0
142,1,20,4,0,37.42943811651314,127.08422366998994,0
143,1,20,4,0,37.356723919418144,127.0956875715962,0
144,1,20,4,0,37.35143164676563,127.10629174599293,0
145,1,20,4,0,37.41320782438092,127.09395649608227,0
146,1,20,4,0,37.39868279116934,127.05052653975483,0
147,1,20,4,0,37.3870005662932,127.03616624119843,0
148,1,20,4,0,37.37960915633116,127.0632973831789,0
149,1,20,4,0,37.38700372768468,127.15569326815455,0
150,1,20,4,0,37.45104774705247,127.1541431830585,0
151,1,20,4,0,37.44387794954447,127.13701709508013,0
152,1,20,4,0,37.44005907586204,127.13728786942515,0
153,1,20,4,0,37.42806854170904,127.04893297304665,0
154,1,20,4,0,37.36420892773679,127.12252907974916,0
155,1,20,4,0,37.441850405794966,127.14530912512012,0
156,1,20,4,0,37.4192693324841,127.05592158549354,0
157,1,20,4,0,37.4698305586695,127.1654564833194,0
158,1,20,4,0,37.42918428751478,127.08015972303471,0
159,1,20,4,0,37.42209742288107,127.14382113314778,0
160,1,20,4,0,37.41830246181653,127.17066699745823,0
161,1,20,4,0,37.38248859796187,127.15929207264476,0
162,1,20,4,0,37.38579365556738,127.09973286430309,0
163,1,20,4,0,37.38164383133417,127.11277640162405,0
164,1,20,4,0,37.44969085569761,127.17054634954516,0
165,1,20,4,0,37.45059273637821,127.13456937793292,0
166,1,20,4,0,37.39497544995842,127.1466278357819,0
167,1,20,4,0,37.469937057510904,127.15108088268313,0
168,1,20,4,0,37.401766062728605,127.11819203595113,0
169,1,20,4,0,37.4367766658848,127.10094276625237,0
170,1,20,4,0,37.41970556496826,127.1058408904157,0
171,1,20,4,0,37.372455483956664,127.14559809337034,0
172,1,20,4,0,37.4406151423294,127.10985390936577,0
173,1,20,4,0,37.4247367753183,127.14382027966788,0
174,1,20,4,0,37.44553277860472,127.11023109388785,0
175,1,20,4,0,37.37668985472038,127.14401829894076,0
176,1,20,4,0,37.40031813342219,127.12548571139118,0
177,1,20,4,0,37.393563401696134,127.11697297198735,0
178,1,20,4,0,37.380167209033196,127.15312193201416,0
179,1,20,4,0,37.371698472955195,127.14587906105817,0
180,1,20,4,0,37.44118443442103,127.1178038472277,0
181,1,20,4,0,37.363985465626804,127.05884033803913,0
182,1,20,4,0,37.43586561698373,127.10911765011956,0
183,1,20,4,0,37.36555524718812,127.06034803085504,0
184,1,20,4,0,37.372178649536316,127.11751318142304,0
185,1,20,4,0,37.41457587108836,127.1744374327248,0
186,1,20,4,0,37.39568005784185,127.10662913678745,0
187,1,20,4,0,37.390056188798795,127.16592966382491,0
188,1,20,4,0,37.37635456725046,127.12233910202241,0
189,1,20,4,0,37.419137815005215,127.15623357498629,0
190,1,20,4,0,37.39710092272464,127.11556923698932,0
191,1,20,4,0,37.4550423656168,127.10214426724808,0
192,1,20,4,0,37.41960644454682,127.13212186289095,0
193,1,20,4,0,37.46740760061377,127.15213905624758,0
194,1,20,4,0,37.36322742270414,127.06264634290501,0
195,1,20,4,0,37.37457577906344,127.12754617520777,0
196,1,20,4,0,37.39759834964034,127.14590135699322,0
197,1,20,4,0,37.46405840719344,127.14327817694368,0
198,1,20,4,0,37.421788461724326,127.16016508753553,0
199,1,20,4,0,37.46543850143586,127.13887300895354,0
200,1,20,4,0,37.41040311374269,127.09918830230018,0
201,1,20,4,0,37.46186613495885,127.13659520944059,0
202,1,20,4,0,37.37688868940341,127.05560780631357,0
203,1,20,4,0,37.41388887012674,127.15363005113083,0
204,1,20,4,0,37.35096855064745,127.0762345866323,0
205,1,20,4,0,37.43235063254007,127.14349557341308,0
206,1,20,4,0,37.344757639514114,127.11073107561313,0
207,1,20,4,0,37.36879207782335,127.0819022185766,0
208,1,20,4,0,37.41473639052516,127.16825700097286,0
209,1,20,4,0,37.37149969222821,127.14073894165469,0
210,1,20,4,0,37.4255297745888,127.10681472537733,0
211,1,20,4,0,37.42316421350445,127.12612021859931,0
212,1,20,4,0,37.34628527613909,127.1103831566404,0
213,1,20,4,0,37.380523228605384,127.08621283283239,0
214,1,20,4,0,37.45469815987478,127.14037779843613,0
215,1,20,4,0,37.4314935011002,127.08316013685527,0
216,1,20,4,0,37.41118587845357,127.16449226792918,0
217,1,20,4,0,37.377865385308674,127.10417939388219,0
218,1,20,4,0,37.40616468759373,127.09566376317792,0
219,1,20,4,0,37.39182987179238,127.11893526028994,0
220,1,20,4,0,37.3845501783375,127.05924933345139,0
221,1,20,4,0,37.421838069881716,127.15488853292216,0
222,1,20,4,0,37.43214078340289,127.10137007090626,0
223,1,20,4,0,37.367226268411194,127.13007820405645,0
224,1,20,4,0,37.41129088365802,127.05433937267802,0
225,1,20,4,0,37.34656346075326,127.1205589720493,0
226,1,20,4,0,37.34999437740143,127.10529270949132,0
227,1,20,4,0,37.403870415721514,127.16761553339322,0
228,1,20,4,0,37.405355048183715,127.14819049621813,0
229,1,20,4,0,37.3876345240338,127.12039314580406,0
230,1,20,4,0,37.45558836422797,127.175548148222,0
231,1,20,4,0,37.449438887105806,127.1130751390713,0
232,1,20,4,0,37.37560780881087,127.07526424051977,0
233,1,20,4,0,37.35439731915275,127.11003254122866,0
234,1,20,4,0,37.38219442651359,127.11826057532909,0
235,1,20,4,0,37.41024295835154,127.12050281993547,0
236,1,20,4,0,37.37889227119027,127.10426660126147,0
237,1,20,4,0,37.36641510441178,127.1238451655888,0
238,1,20,4,0,37.433127734789004,127.15291509138555,0
239,1,20,4,0,37.387987098506024,127.16412960194458,0
240,1,20,4,0,37.44946690344615,127.13929429216793,0
241,1,20,4,0,37.45639081020711,127.12693575584,0
242,1,20,4,0,37.39800806735288,127.11613725307375,0
243,1,20,4,0,37.39136750947547,127.14917242550463,0
244,1,20,4,0,37.4313564345188,127.08463249583154,0
245,1,20,4,0,37.453854070520784,127.13696540688275,0
246,1,20,4,0,37.454925750456944,127.17101133207868,0
247,1,20,4,0,37.37816863344388,127.09160093253765,0
248,1,20,4,0,37.44079012636458,127.14854592732652,0
249,1,20,4,0,37.39476107228568,127.15326163140725,0
250,1,20,4,0,37.4230175550913,127.04426284624655,0
251,1,20,4,0,37.461160716616156,127.14439052704026,0
252,1,20,4,0,37.38639763702873,127.07703438470118,0
253,1,20,4,0,37.40850836723273,127.05218597684623,0
254,1,20,4,0,37.44547430788407,127.12285834750625,0
255,1,20,4,0,37.42103208864151,127.17412133642324,0
256,1,20,4,0,37.398605206672165,127.05177372375748,0
257,1,20,4,0,37.36949345416004,127.07041190155724,0
258,1,20,4,0,37.42922157108753,127.17922723702881,0
259,1,20,4,0,37.395858412351615,127.05427169569654,0
260,1,20,4,0,37.41648637760567,127.08581010292004,0
261,1,20,4,0,37.39339439799585,127.13513319840911,0
262,1,20,4,0,37.38779113209084,127.0612053666119,0
263,1,20,4,0,37.36693040861723,127.10895111876502,0
264,1,20,4,0,37.41468162769889,127.12386618957362,0
265,1,20,4,0,37.42648030143312,127.19212825291906,0
266,1,20,4,0,37.41342522334406,127.07385895758784,0
267,1,20,4,0,37.4387062868738,127.14301162834113,0
268,1,20,4,0,37.46126414204427,127.11122402687664,0
269,1,20,4,0,37.38321237633289,127.12977445940415,0
270,1,20,4,0,37.421199100907806,127.13474301181787,0
271,1,20,4,0,37.435348421922505,127.14166074516702,0
272,1,20,4,0,37.45195478167132,127.13853650806723,0
273,1,20,4,0,37.46115783717211,127.13333585073518,0
274,1,20,4,0,37.37707554249326,127.13637763755533,0
275,1,20,4,0,37.41535515006429,127.1018251989316,0
276,1,20,4,0,37.43910402113346,127.07732737054293,0
277,1,20,4,0,37.401532731887976,127.16636244347065,0
278,1,20,4,0,37.438973681632035,127.16330236246716,0
279,1,20,4,0,37.45503867841272,127.19020419404404,0
280,1,20,4,0,37.47198349210452,127.14947049018168,0
281,1,20,4,0,37.44718123680904,127.19033357192868,0
282,1,20,4,0,37.44521441007881,127.08920779504736,0
283,1,20,4,0,37.42854513099605,127.10417268894571,0
284,1,20,4,0,37.416060413263885,127.14074889679723,0
285,1,20,4,0,37.466375323655775,127.16598037946731,0
286,1,20,4,0,37.46283421981688,127.12209831213958,0
287,1,20,4,0,37.46200420828864,127.16622215040977,0
288,1,20,4,0,37.39112949837449,127.07851764284439,0
289,1,20,4,0,37.40305700713666,127.07888321361959,0
290,1,20,4,0,37.397543531584795,127.05052058168353,0
291,1,20,4,0,37.438490063888445,127.14043709738762,0
292,1,20,4,0,37.347385574680196,127.09746428365071,0
293,1,20,4,0,37.39110404330037,127.10998322892873,0
294,1,20,4,0,37.39609225640193,127.09000721007389,0
295,1,20,4,0,37.45437526503109,127.18752344802293,0
296,1,20,4,0,37.3896929977597,127.08801391054953,0
297,1,20,4,0,37.424142946609884,127.13913960259173,0
298,1,20,4,0,37.41323413132128,127.04888302511978,0
299,1,20,4,0,37.36392418112857,127.06254033467224,0
300,1,20,4,0,37.3791743195006,127.06771422649275,0
301,1,20,4,0,37.4077897371538,127.15241288868248,0
302,1,20,4,0,37.40074040095846,127.15307651131496,0
303,1,20,4,0,37.405972569607385,127.15851562375897,0
304,1,20,4,0,37.40464313176092,127.0460467918961,0
305,1,20,4,0,37.45600617591477,127.1593915432263,0
306,1,20,4,0,37.398165695465664,127.11538071596209,0
307,1,20,4,0,37.390184873168174,127.108240600934,0
308,1,20,4,0,37.402723806403735,127.14306172989345,0
309,1,20,4,0,37.37227831885883,127.0387549493791,0
310,1,20,4,0,37.41093974711163,127.13414765840793,0
311,1,20,4,0,37.39755366731352,127.11691159092175,0
312,1,20,4,0,37.34740775637682,127.12949903732874,0
313,1,20,4,0,37.45399939292467,127.14569823957463,0
314,1,20,4,0,37.442142428496844,127.13714698301878,0
315,1,20,4,0,37.36379288388069,127.14890276936686,0
316,1,20,4,0,37.36569816028437,127.10362946106868,0
317,1,20,4,0,37.397523043354354,127.0846947664536,0
318,1,20,4,0,37.346828893510406,127.09765008147168,0
319,1,20,4,0,37.42745313637499,127.0994615107738,0
320,1,20,4,0,37.35496923502141,127.09064121707164,0
321,1,20,4,0,37.4120732945343,127.16419019097704,0
322,1,20,4,0,37.41281100308345,127.12631111640493,0
323,1,20,4,0,37.42748604350676,127.08716055251547,0
324,1,14,24,0,37.45616335049634,127.15385307253638,0
325,1,14,24,0,37.470350756210756,127.14893988480243,0
326,1,14,24,0,37.38311693645592,127.12865560891936,0
327,1,14,24,0,37.3634697967399,127.12487423265092,0
328,1,14,24,0,37.365097220969375,127.13812540465206,0
329,1,14,24,0,37.441243276876,127.08950806495909,0
330,1,14,24,0,37.44755375268922,127.12423224827096,0
331,1,14,24,0,37.420164055385065,127.16530948990332,0
332,1,14,24,0,37.450699308875244,127.18391367504856,0
333,1,14,24,0,37.35889805069494,127.07267659853241,0
334,1,14,24,0,37.377082869804894,127.14585280522601,0
335,1,14,24,0,37.41348067905438,127.17395709728076,0
336,1,14,24,0,37.35344673039473,127.0950937024814,0
337,1,14,24,0,37.38159642143048,127.09829615621854,0
338,1,14,24,0,37.43544284638766,127.08992703734599,0
339,1,14,24,0,37.41366065679067,127.15831699865096,0
340,1,14,24,0,37.4207672854905,127.0541765836752,0
341,1,14,24,0,37.37186628039717,127.14102258830923,0
342,1,14,24,0,37.402072168563784,127.13900005194994,0
343,1,14,24,0,37.372016773284855,127.10203047792011,0
344,1,14,24,0,37.37344244134289,127.0999910391175,0
345,1,14,24,0,37.40220951421829,127.14178209651946,0
346,1,14,24,0,37.418148764302124,127.09416549787933,0
347,1,14,24,0,37.37601282562985,127.0290045652797,0
348,1,14,24,0,37.379789712446744,127.07067117665076,0
349,1,14,24,0,37.38715665749907,127.05725071750615,0
350,1,14,24,0,37.40413729171776,127.14601630435476,0
351,1,14,24,0,37.44740931575414,127.16781913653982,0
352,1,14,24,0,37.45531723384526,127.1825818197638,0
353,1,14,24,0,37.414481878346734,127.12451119250944,0
354,1,14,24,0,37.392458771615914,127.14699608108194,0
355,1,14,24,0,37.45106212136342,127.13163395693374,0
356,1,14,24,0,37.407489461132876,127.12671565763829,0
357,1,14,24,0,37.37726531018467,127.09425011488713,0
358,1,14,24,0,37.38048931523293,127.08479255792794,0
359,1,14,24,0,37.405582947064566,127.05597934700845,0
360,1,14,24,0,37.405507810688384,127.04688281099476,0
361,1,14,24,0,37.44921245889745,127.15000216487569,0
362,1,14,24,0,37.44090518632232,127.12898999001447,0
363,1,14,24,0,37.403268093905126,127.15764659849079,0
364,1,14,24,0,37.440857358766216,127.15455273374027,0
365,1,14,24,0,37.42323685732816,127.12261687442101,0
366,1,14,24,0,37.45561947272503,127.132709365688,0
367,1,14,24,0,37.35473139938811,127.13316256572752,0
368,1,14,24,0,37.39592606058275,127.03919274886398,0
369,1,14,24,0,37.37222989921372,127.07862360486537,0
370,1,14,24,0,37.39729885449739,127.07989923254145,0
371,1,14,24,0,37.420367037868964,127.17150764039643,0
372,1,14,24,0,37.39882610086407,127.11296251969328,0
373,1,14,24,0,37.44537506234002,127.12090614205094,0
374,1,14,24,0,37.425576162177414,127.16386178273888,0
375,1,14,24,0,37.40065314096646,127.08176859006984,0
376,1,14,24,0,37.4344130997974,127.08545236021008,0
377,1,14,24,0,37.35778672939169,127.11253904595557,0
378,1,14,24,0,37.39529667979296,127.06936388027907,0
379,1,14,24,0,37.40731768046036,127.10158959003525,0
380,1,14,24,0,37.38611629649538,127.05440124978746,0
381,1,14,24,0,37.39119647634978,127.07527341931277,0
382,1,14,24,0,37.417945217939725,127.08459986508689,0
383,1,14,24,0,37.424935139675235,127.16040027721718,0
384,1,14,24,0,37.37356980911791,127.14176412238143,0
385,1,14,24,0,37.426244699692106,127.14938927662826,0
386,1,14,24,0,37.45689707534549,127.18009026421592,0
387,1,14,24,0,37.41580290979669,127.0837583851572,0
388,1,14,24,0,37.382858751090765,127.05148970500483,0
389,1,14,24,0,37.4321733053562,127.19040532065134,0
390,1,14,24,0,37.41754287123808,127.09360977838166,0
391,1,14,24,0,37.445353020325406,127.09104106378435,0
392,1,14,24,0,37.428161546719416,127.16442817044681,0
393,1,14,24,0,37.43787261221563,127.16708019236975,0
394,1,14,24,0,37.407833274420824,127.14294689172927,0
395,1,14,24,0,37.393266737673464,127.136324545944,0
396,1,14,24,0,37.38466592055052,127.0885442169713,0
397,1,14,24,0,37.36367543090315,127.0580187289063,0
398,1,14,24,0,37.45836841141341,127.16811598058685,0
399,1,14,24,0,37.381012044163555,127.03405844516766,0
400,1,14,24,0,37.35632823670565,127.09104788370065,0
401,1,14,24,0,37.44244441595283,127.1674813506481,0
402,1,14,24,0,37.391491976014706,127.10129564404323,0
403,1,14,24,0,37.36697630601587,127.14142511306369,0
404,1,14,24,0,37.37368026836348,127.1023927052578,0
405,1,14,24,0,37.39687652698981,127.15355923657626,0
406,1,14,24,0,37.37715121498453,127.11749234418991,0
407,1,14,24,0,37.39971773462657,127.163661370932,0
408,1,14,24,0,37.38540753439647,127.16811489889147,0
409,1,14,24,0,37.37323385364021,127.10533172845759,0
410,1,14,24,0,37.40798411354213,127.09191415396931,0
411,1,14,24,0,37.44892146444096,127.19016517978618,0
412,1,14,24,0,37.424068629343,127.06974375474715,0
413,1,14,24,0,37.411814459669266,127.17467233745903,0
414,1,14,24,0,37.37196365601613,127.15601053897872,0
415,1,14,24,0,37.39718770010043,127.06504212884917,0
416,1,14,24,0,37.45207347445053,127.1842064823578,0
417,1,14,24,0,37.44531323020888,127.13698625960777,0
418,1,14,24,0,37.37395628466,127.05084599251046,0
419,1,14,24,0,37.43183272009544,127.16721513052664,0
420,1,14,24,0,37.36957792533961,127.04103194500644,0
421,1,14,24,0,37.41100308581294,127.16808963093604,0
422,1,14,24,0,37.40802820303403,127.14997790114158,0
423,1,14,24,0,37.37412915060476,127.04640537551518,0
424,1,14,24,0,37.445669444217735,127.09829498775393,0
425,1,14,24,0,37.34905970218361,127.10456401282082,0
426,1,14,24,0,37.41778301112105,127.17988921943942,0
427,1,14,24,0,37.42033891868496,127.0998775989879,0
428,1,14,24,0,37.392299457954174,127.06815683559569,0
429,1,14,24,0,37.40513661888839,127.11615547075549,0
430,1,14,24,0,37.39987607354935,127.09335687735039,0
431,1,14,24,0,37.47213867784213,127.1345837837113,0
432,1,14,24,0,37.38214896064869,127.16028142769524,0
433,1,14,24,0,37.422240923803294,127.15093725716467,0
434,1,14,24,0,37.4373651676582,127.15742018317073,0
435,1,14,24,0,37.44844305951363,127.11951027019946,0
436,1,14,24,0,37.43173615344094,127.10582650456188,0
437,1,14,24,0,37.44815859653327,127.1339222246966,0
438,1,14,24,0,37.3748845837455,127.10465916449363,0
439,1,14,24,0,37.36920874235062,127.11900874790445,0
440,1,14,24,0,37.44382257801579,127.08772815580879,0
441,1,14,24,0,37.38543274138268,127.04863943391409,0
442,1,14,24,0,37.43851376706528,127.177256333478,0
443,1,14,24,0,37.44669474394278,127.11501498524176,0
444,1,14,24,0,37.44969232122703,127.12899912143438,0
445,1,14,24,0,37.37881222685508,127.11941959280554,0
446,1,14,24,0,37.418615047314034,127.07924153184031,0
447,1,14,24,0,37.43094062891052,127.09935257753394,0
448,1,14,24,0,37.383246089326654,127.17398642965007,0
449,1,14,24,0,37.44668737321422,127.08879355083356,0
450,1,14,24,0,37.468142977879594,127.14193750257887,0
451,1,14,24,0,37.41931535858101,127.0517168554713,0
452,1,14,24,0,37.38753104447424,127.08930083892947,0
453,1,14,24,0,37.41896485830338,127.12307969635005,0
454,1,14,24,0,37.46758204336835,127.14187890275946,0
455,1,14,24,0,37.44131100426142,127.09025660873658,0
456,1,14,24,0,37.408267007856885,127.12420228417895,0
457,1,14,24,0,37.42525414188227,127.09463131099626,0
458,1,14,24,0,37.40396496245883,127.15139688132345,0
459,1,22,2,0,37.412823208947884,127.09277409982494,0
460,1,22,2,0,37.370195432642305,127.07172315838731,0
461,1,22,2,0,37.35072580520231,127.11029478942785,0
462,1,22,2,0,37.45945036347752,127.11886427270915,0
463,1,22,2,0,37.43405858675248,127.1708466904967,0
464,1,22,2,0,37.42357655565291,127.18361780443068,0
465,1,22,2,0,37.40533860290287,127.161151700024,0
466,1,22,2,0,37.44705027447253,127.08973505185888,0
467,1,22,2,0,37.41993422606069,127.1204573451903,0
468,1,22,2,0,37.37712615468002,127.04220708403085,0
469,1,22,2,0,37.44217097407189,127.11609430879305,0
470,1,22,2,0,37.424232637211915,127.19119268361375,0
471,1,22,2,0,37.42957490448839,127.10336375426955,0
472,1,22,2,0,37.42387271903529,127.15889321199658,0
473,1,22,2,0,37.433708242482126,127.0819592408696,0
474,1,22,2,0,37.45302924761563,127.17817082787565,0
475,1,22,2,0,37.423202737947385,127.06984498185162,0
476,1,22,2,0,37.35108405624762,127.12032191809733,0
477,1,22,2,0,37.40883533705368,127.07862430610608,0
478,1,22,2,0,37.3572318566452,127.11220685674338,0
479,1,22,2,0,37.435306610923966,127.13846107632641,0
480,1,22,2,0,37.45254782604127,127.12945063713464,0
481,1,22,2,0,37.4501017899645,127.12246997612938,0
482,1,22,2,0,37.41495875240138,127.13555603590311,0
483,1,22,2,0,37.441859019888085,127.13718284601624,0
484,1,22,2,0,37.423759179430036,127.09775047400942,0
485,1,22,2,0,37.422086336018744,127.11144439955876,0
486,1,22,2,0,37.44719545302885,127.1089068612824,0
487,1,22,2,0,37.375449115548925,127.14287567449927,0
488,1,22,2,0,37.40187265605516,127.1016204758107,0
489,1,22,2,0,37.419186274183794,127.06201337364358,0
490,1,22,2,0,37.43498555732109,127.08026484346703,0
491,1,22,2,0,37.45512874336585,127.15114888062328,0
492,1,22,2,0,37.41282016868113,127.09000893155003,0
493,1,22,2,0,37.39935804587053,127.08136326354314,0
494,1,22,2,0,37.368445687042176,127.07268062498781,0
495,1,22,2,0,37.374427650603536,127.04398855611839,0
496,1,22,2,0,37.420419237326264,127.09229703976263,0
497,1,22,2,0,37.37969260852219,127.05456154844319,0
498,1,22,2,0,37.377610475968815,127.12483531519231,0
499,1,22,2,0,37.403854862541436,127.1560113030772,0
500,1,22,2,0,37.403924757712446,127.11424984989037,0
501,1,22,2,0,37.458178500691474,127.11091584137978,0
502,1,22,2,0,37.39993997289483,127.13770908455173,0
503,1,22,2,0,37.453204444290556,127.11794284955809,0
504,1,22,2,0,37.441420237737454,127.15002384577524,0
505,1,22,2,0,37.39003839257065,127.08923508211797,0
506,1,22,2,0,37.360912055564796,127.12359028971618,0
507,1,22,2,0,37.3437802706911,127.12072230760172,0
508,1,22,2,0,37.441497655313356,127.11248970616538,0
509,1,22,2,0,37.38134031755299,127.16135359097507,0
510,1,22,2,0,37.44016260586991,127.18557209792971,0
511,1,22,2,0,37.405390479211235,127.06117861511008,0
512,1,22,2,0,37.33978762994622,127.11178734647542,0
513,1,22,2,0,37.38048536661654,127.05075130261625,0
514,1,22,2,0,37.398016622359,127.10736000695375,0
515,1,22,2,0,37.406293324942254,127.12963920761133,0
516,1,22,2,0,37.420092605339,127.08285115563633,0
517,1,22,2,0,37.375703775216564,127.15200960992402,0
518,1,22,2,0,37.43362446353877,127.11721135498743,0
519,1,22,2,0,37.428683461377666,127.08964201942032,0
520,1,22,2,0,37.43597017147759,127.16166589594208,0
521,1,22,2,0,37.44316070093149,127.15933723836532,0
522,1,22,2,0,37.435415144480686,127.12482646479656,0
523,1,22,2,0,37.35749722179443,127.12581652786231,0
524,1,22,2,0,37.421035686460286,127.13346650629956,0
525,1,22,2,0,37.37774874298284,127.03089600916374,0
526,1,22,2,0,37.442992425774534,127.09670652830826,0
527,1,22,2,0,37.45683173642654,127.18247397071826,0
528,1,22,2,0,37.42704563711844,127.08236085299514,0
529,1,22,2,0,37.377757245724304,127.11605757309245,0
530,1,22,2,0,37.383490453144134,127.08526561495383,0
531,1,22,2,0,37.435347882278144,127.15750229668693,0
532,1,22,2,0,37.43144253101536,127.13586796773977,0
533,1,22,2,0,37.36057385237335,127.13028077901397,0
534,1,22,2,0,37.412315994565894,127.06915799746669,0
535,1,22,2,0,37.374256809120304,127.07774837248844,0
536,1,22,2,0,37.38271481927549,127.08101438218907,0
537,1,22,2,0,37.44588248871099,127.18468975014883,0
538,1,22,2,0,37.387084061661284,127.14146871161908,0
539,1,22,2,0,37.449131676330175,127.19250082487386,0
540,0,18,2,0,37.4471852240098,127.18820497175025,0
541,0,18,2,0,37.374062498653785,127.07654428199965,0
542,0,18,2,0,37.382369752347095,127.14777656812163,0
543,0,18,2,0,37.36965148109152,127.1020862825523,0
544,0,18,2,0,37.361960512867306,127.108256968158,0
545,0,18,2,0,37.41638154092418,127.13122235056493,0
546,0,18,2,0,37.428121598936215,127.06847522901937,0
547,0,18,2,0,37.42361114506502,127.11699307267159,0
548,0,18,2,0,37.42473607068248,127.0817082232893,0
549,0,18,2,0,37.40907214352993,127.12423785501655,0
550,0,18,2,0,37.465862953471095,127.14928571606717,0
551,0,18,2,0,37.403447281052436,127.0944565507183,0
552,0,18,2,0,37.45738695560583,127.18340180546193,0
553,0,18,2,0,37.403239154502145,127.11905410542647,0
554,0,18,2,0,37.45375427658941,127.18550685480048,0
555,0,18,2,0,37.36065125277722,127.10639776839808,0
556,0,18,2,0,37.36976759033232,127.10486677991166,0
557,0,18,2,0,37.413687200350275,127.1606593115996,0
558,0,18,2,0,37.46025814183656,127.17165107261494,0
559,0,18,2,0,37.406261490461176,127.1667491311262,0
560,0,18,2,0,37.428039830515566,127.04229489328304,0
561,0,18,2,0,37.36846381988537,127.0821174320526,0
562,0,18,2,0,37.36669215916412,127.07155648019844,0
563,0,18,2,0,37.468319131702366,127.15443686704627,0
564,0,18,2,0,37.43562481826707,127.07847656426071,0
565,0,18,2,0,37.37677476317702,127.0475886310851,0
566,0,18,2,0,37.40445668217146,127.09587249870329,0
567,0,18,2,0,37.43289140938078,127.17820318386933,0
568,0,18,2,0,37.349987248337506,127.07999507973834,0
569,0,18,2,0,37.364373573056724,127.1310455535309,0
570,0,18,2,0,37.41905596289831,127.15342445465944,0
571,0,18,2,0,37.41106394251208,127.09762586574017,0
572,0,18,2,0,37.40940670859378,127.106869744611,0
573,0,18,2,0,37.36427216323675,127.13936248497471,0
574,0,18,2,0,37.432920983198215,127.10282129868789,0
575,0,18,2,0,37.414383151883605,127.11269675557408,0
576,0,18,2,0,37.37978904510244,127.05290598286751,0
577,0,18,2,0,37.34982095330686,127.115194153058,0
578,0,18,2,0,37.415860640727026,127.06224512805466,0
579,0,18,2,0,37.40556768131126,127.043001666072,0
580,0,18,2,0,37.39751362302625,127.16367283903016,0
581,0,18,2,0,37.3979897368294,127.11400153120778,0
582,0,18,2,0,37.435681048169116,127.16337412772783,0
583,0,18,2,0,37.448859511538664,127.09428071568144,0
584,0,18,2,0,37.41517657563685,127.15309991550582,0
585,0,18,2,0,37.38211025874485,127.03532648958824,0
586,0,18,2,0,37.442143748488,127.09645258125431,0
587,0,18,2,0,37.39283613210553,127.13630033562508,0
588,0,18,2,0,37.46163358774448,127.17391634042144,0
589,0,18,2,0,37.429945671642585,127.09086726171643,0
590,0,18,2,0,37.4096588372003,127.13897547982005,0
591,0,18,2,0,37.38256867055918,127.13758703677293,0
592,0,18,2,0,37.40937004701352,127.05771790541844,0
593,0,18,2,0,37.43632857176128,127.1166233760692,0
594,0,18,2,0,37.37558053043039,127.03153453787935,0
595,0,18,2,0,37.41038655958225,127.14094376283079,0
596,0,18,2,0,37.44983647149746,127.11714305936871,0
597,0,18,2,0,37.38234092971287,127.06932492842253,0
598,0,18,2,0,37.3926775290758,127.16380500147496,0
599,0,18,2,0,37.458378942562774,127.15650425857685,0
600,0,18,2,0,37.432853111765574,127.12821425036124,0
601,0,18,2,0,37.36652498003739,127.09534269547319,0
602,0,18,2,0,37.37848581993569,127.15069792601095,0
603,0,18,2,0,37.428503196632555,127.1282365734715,0
604,0,18,2,0,37.376061632971215,127.08162372632978,0
605,0,18,2,0,37.42676072263216,127.05179771743138,0
606,0,18,2,0,37.37588292543724,127.06487480053453,0
607,0,18,2,0,37.46231396699425,127.17561331915921,0
608,0,18,2,0,37.39380339376267,127.13295673651639,0
609,0,18,2,0,37.42833497050934,127.18601558298637,0
610,0,18,2,0,37.37846188266672,127.15982490000138,0
611,0,18,2,0,37.35448532198531,127.0977064002263,0
612,0,18,2,0,37.4400849443784,127.09100422483553,0
613,0,18,2,0,37.453511167635305,127.10732212354486,0
614,0,18,2,0,37.43345996688439,127.07827323141645,0
615,0,18,2,0,37.46276141541274,127.16318260195202,0
616,0,18,2,0,37.352346053545986,127.12140553577795,0
617,0,18,2,0,37.36213996218252,127.06854255898351,0
618,0,18,2,0,37.46382008831488,127.13643904366182,0
619,0,18,2,0,37.4286644416035,127.07284705332384,0
620,0,18,2,0,37.4569452777884,127.12907792897772,0
621,0,18,2,0,37.41242403047895,127.14948537383772,0
622,0,18,2,0,37.45635877931455,127.10830991775443,0
623,0,18,2,0,37.41886679829155,127.0684979498928,0
624,0,18,2,0,37.4430690271975,127.1205300351103,0
625,0,18,2,0,37.40885967864397,127.09171060778874,0
626,0,18,2,0,37.37037532472111,127.08811238326724,0
627,0,18,2,0,37.40371508404034,127.11392901873329,0
628,0,18,2,0,37.452151958970234,127.10664485254286,0
629,0,18,2,0,37.412943718680594,127.09730383322771,0
630,0,18,2,0,37.39244238059265,127.12508008512978,0
631,0,18,2,0,37.380036233473966,127.05333621737589,0
632,0,18,2,0,37.45125119943754,127.09157241485391,0
633,0,18,2,0,37.425968024913395,127.11165681133116,0
634,0,18,2,0,37.36977634230812,127.1428514261484,0
635,0,18,2,0,37.402770019061705,127.13559650684188,0
636,0,18,2,0,37.42415779729732,127.11885847143884,0
637,0,18,2,0,37.467067847746556,127.1700624472879,0
638,0,18,2,0,37.441488423326454,127.14005534203643,0
639,0,18,2,0,37.452549907015715,127.09704526702035,0
640,0,18,2,0,37.4207668687996,127.09045622491429,0
641,0,18,2,0,37.4205807507122,127.13980974397056,0
642,0,18,2,0,37.40238230235841,127.10895046183047,0
643,0,18,2,0,37.447404720686585,127.14103338885698,0
644,0,18,2,0,37.40784213505986,127.05998059200671,0
645,0,18,2,0,37.38614452822686,127.09444004903497,0
646,0,18,2,0,37.41329413133826,127.09597518840579,0
647,0,18,2,0,37.45330270824019,127.1427160884248,0
648,0,18,2,0,37.454766909134285,127.13762093415312,0
649,0,18,2,0,37.41155430718573,127.09147561696162,0
650,0,18,2,0,37.40408015631041,127.0565258962462,0
651,0,18,2,0,37.444322534213356,127.1006628662909,0
652,0,18,2,0,37.454730297855626,127.12284633773257,0
653,0,18,2,0,37.40808303668152,127.04374480687163,0
654,0,18,2,0,37.45891608933997,127.17366358348032,0
655,0,18,2,0,37.33996564963882,127.10765525601305,0
656,0,18,2,0,37.43977920255703,127.12640711887566,0
657,0,18,2,0,37.38971511590456,127.14753616951171,0
658,0,18,2,0,37.440253706645066,127.08348397353983,0
659,0,18,2,0,37.404212326661586,127.14946155573197,0
660,0,18,2,0,37.452002523615064,127.10119726581875,0
661,0,18,2,0,37.442148499587525,127.0849740421042,0
662,0,18,2,0,37.3837060381503,127.11019446317445,0
663,0,18,2,0,37.42682571227152,127.14198529191073,0
664,0,18,2,0,37.4208772850045,127.04211943015584,0
665,0,18,2,0,37.43424237869103,127.16188451782321,0
666,0,18,2,0,37.42303920302142,127.14736228793512,0
667,0,18,2,0,37.378171048506076,127.15206608759681,0
668,0,18,2,0,37.38428683553307,127.07953938040062,0
669,0,18,2,0,37.39686460552782,127.05921726244972,0
670,0,18,2,0,37.39109390050981,127.12097736435639,0
671,0,18,2,0,37.41796755641513,127.04335852905616,0
672,0,18,2,0,37.387868170306625,127.08225674988174,0
673,0,18,2,0,37.38823049042182,127.07677876461614,0
674,0,18,2,0,37.471733258442114,127.17989942266654,0
675,0,18,2,0,37.35736580393125,127.12387253430934,0
676,0,18,2,0,37.35301751550559,127.09172242340442,0
677,0,18,2,0,37.403127631701835,127.07833961465687,0
678,0,18,2,0,37.394860759226724,127.03834891562713,0
679,0,18,2,0,37.40186985324419,127.09850964798252,0
680,0,18,2,0,37.42178502197506,127.06916992298576,0
681,0,18,2,0,37.36103835110639,127.12754536870276,0
682,0,18,2,0,37.37647089984756,127.0456968175606,0
683,0,18,2,0,37.44710893492404,127.13198145684301,0
684,0,18,2,0,37.38072518171331,127.08311609719162,0
685,0,18,2,0,37.45494926961055,127.16481329008491,0
686,0,18,2,0,37.3778181616988,127.06148016376389,0
687,0,18,2,0,37.43167512405001,127.07671164950843,0
688,0,18,2,0,37.41483259450129,127.11026236124721,0
689,0,18,2,0,37.386569375949925,127.06846955623699,0
690,0,18,2,0,37.38895686844716,127.16498461621819,0
691,0,18,2,0,37.410553989357496,127.12727983952907,0
692,0,18,2,0,37.4111862388478,127.14232452859794,0
693,0,18,2,0,37.395395218612784,127.14680577963763,0
694,0,18,2,0,37.43137491807746,127.0766919884675,0
695,0,18,2,0,37.44591805818592,127.1654000597988,0
696,0,18,2,0,37.40400163163972,127.09649875729255,0
697,0,18,2,0,37.36761151086134,127.13419125557775,0
698,0,18,2,0,37.43454334423812,127.13844932363361,0
699,0,18,2,0,37.40503548130301,127.09509719161707,0
700,0,18,2,0,37.43121559751465,127.18245232214336,0
701,0,18,2,0,37.44521991897144,127.11911206115042,0
702,0,18,2,0,37.42364449584772,127.1179790360485,0
703,0,18,2,0,37.38359254930813,127.13827088946037,0
704,0,18,2,0,37.339645247526924,127.13648847155876,0
705,0,18,2,0,37.42920191228535,127.1930804611864,0
706,0,18,2,0,37.43983978267028,127.09489756923757,0
707,0,18,2,0,37.40675895222377,127.11356918272755,0
708,0,18,2,0,37.41474152326933,127.12531131793752,0
709,0,18,2,0,37.38870213947882,127.10265831477984,0
710,0,18,2,0,37.41663039967123,127.15756155175544,0
711,0,18,2,0,37.38217228341257,127.11185255813763,0
712,0,18,2,0,37.37749384732871,127.05153119741085,0
713,0,18,2,0,37.362639331307854,127.10426458685848,0
714,0,18,2,0,37.40072859997524,127.1089036972877,0
715,0,18,2,0,37.43193049470448,127.10137845075134,0
716,0,18,2,0,37.375849422326816,127.08132856067263,0
717,0,18,2,0,37.42502913546745,127.17047983645024,0
718,0,18,2,0,37.3906700400501,127.06669269437211,0
719,0,18,2,0,37.423969598374384,127.0587229760792,0
720,0,18,2,0,37.36128957939786,127.13095837935494,0
721,0,18,2,0,37.38837705411278,127.12727582541567,0
722,0,18,2,0,37.36248617282792,127.14619524771304,0
723,0,18,2,0,37.44776710412493,127.15419625510835,0
724,0,18,2,0,37.39809609257401,127.08251811247492,0
725,0,18,2,0,37.423775783628145,127.11643381275654,0
726,0,18,2,0,37.419843712369506,127.12807738597414,0
727,0,18,2,0,37.38259055853027,127.12640184153983,0
728,0,18,2,0,37.42070003013077,127.16986413133233,0
729,0,18,2,0,37.43323529750638,127.16452122218782,0
730,0,18,2,0,37.42029294101262,127.0777198366816,0
731,0,18,2,0,37.376573020902356,127.0475275692153,0
732,0,18,2,0,37.39253587743169,127.11359417084351,0
733,0,18,2,0,37.38765205553517,127.05089100115909,0
734,0,18,2,0,37.423265615449935,127.05894186095166,0
735,0,18,2,0,37.42464585665737,127.1442949928089,0
736,0,18,2,0,37.35322352032823,127.11003282359928,0
737,0,18,2,0,37.39716973439297,127.08060067402177,0
738,0,18,2,0,37.384162604715115,127.03672552785146,0
739,0,18,2,0,37.4697044384256,127.16476965693711,0
740,0,18,2,0,37.403388717659354,127.11268851137805,0
741,0,18,2,0,37.39216690551409,127.14282621731506,0
742,0,18,2,0,37.4025018377398,127.16891826484307,0
743,0,18,2,0,37.374693262508565,127.15566416765722,0
744,0,18,2,0,37.40941956985763,127.07392159023355,0
745,0,18,2,0,37.3980636977414,127.05599216973395,0
746,0,18,2,0,37.44171200005193,127.15254742077204,0
747,0,18,2,0,37.34939252600117,127.12013442085734,0
748,0,18,2,0,37.38526903774858,127.16612589204605,0
749,0,18,2,0,37.410656419104484,127.14859011302403,0
750,0,18,2,0,37.43965063659568,127.16726710331095,0
751,0,18,2,0,37.38268282578812,127.10332304253359,0
752,0,18,2,0,37.39548219736353,127.16502396898169,0
753,0,18,2,0,37.44308568434527,127.19482045830325,0
754,0,18,2,0,37.38297332553472,127.12655637828935,0
755,0,18,2,0,37.42287933966489,127.14720707652475,0
756,0,18,2,0,37.362649995155444,127.06244993194325,0
757,0,18,2,0,37.38299944081683,127.03769166514189,0
758,0,18,2,0,37.4095836307188,127.07496935675344,0
759,0,18,2,0,37.43296166668424,127.08212616539026,0
760,0,18,2,0,37.37119305476301,127.07635608240713,0
761,0,18,2,0,37.44450849144163,127.1895773912046,0
762,0,18,2,0,37.45056084035403,127.14731482549274,0
763,0,18,2,0,37.42902690189804,127.1557342701994,0
764,0,18,2,0,37.41505129666229,127.11000200639852,0
765,0,18,2,0,37.391968132580494,127.07289001983983,0
766,0,18,2,0,37.42300057296776,127.10370289879874,0
767,0,18,2,0,37.372732299017,127.11439925052227,0
768,0,18,2,0,37.43676333131744,127.15090077508255,0
769,0,18,2,0,37.42731678168778,127.10478856615018,0
770,0,18,2,0,37.36418988900211,127.11756183236528,0
771,0,18,2,0,37.36334429096405,127.0999455560387,0
772,0,18,2,0,37.415123164168236,127.08449697451553,0
773,0,18,2,0,37.402026369980746,127.12289433430982,0
774,0,18,2,0,37.42992043468247,127.08550310759213,0
775,0,18,2,0,37.39838340653794,127.15950297016445,0
776,0,18,2,0,37.368795101276476,127.13776421708451,0
777,0,18,2,0,37.389438676882754,127.05554094165281,0
778,0,18,2,0,37.43230928755743,127.07907565867612,0
779,0,18,2,0,37.42609210539232,127.06707741183791,0
780,0,18,2,0,37.352149032621234,127.10787489685137,0
781,0,18,2,0,37.352074827103905,127.09871334617837,0
782,0,18,2,0,37.387561528310904,127.03962012830559,0
783,0,18,2,0,37.334578570094926,127.11690342666493,0
784,0,18,2,0,37.395627812896166,127.13699626784657,0
785,0,18,2,0,37.42221589955193,127.14917044143701,0
786,0,18,2,0,37.39161238195244,127.05316182568224,0
787,0,18,2,0,37.45501349176467,127.1431405252738,0
788,0,18,2,0,37.41676957171225,127.15421645542303,0
789,0,18,2,0,37.35315756004098,127.08058783833594,0
790,0,18,2,0,37.418245355525066,127.1207515116324,0
791,0,18,2,0,37.4435578133573,127.12986324588711,0
792,0,18,2,0,37.45330624459521,127.1437978747003,0
793,0,18,2,0,37.37604535293938,127.13840601511703,0
794,0,18,2,0,37.40544706249768,127.11475830579496,0
795,0,18,2,0,37.37518153541359,127.15344274720951,0
796,0,18,2,0,37.4040411396675,127.04666711155461,0
797,0,18,2,0,37.408101044229994,127.1275661101941,0
798,0,18,2,0,37.41377194678368,127.1724357919669,0
799,0,18,2,0,37.429975613891116,127.08914683549536,0
800,0,18,2,0,37.46837827667514,127.15594482053204,0
801,0,18,2,0,37.37046353410419,127.03906603551394,0
802,0,18,2,0,37.40503519294039,127.16041088037431,0
803,0,18,2,0,37.40424855155456,127.13339008629954,0
804,0,18,2,0,37.43264439805847,127.0975563260572,0
805,0,18,2,0,37.37262509383365,127.13128456006856,0
806,0,18,2,0,37.40569912829822,127.07981500823499,0
807,0,18,2,0,37.388645186209345,127.11789231541039,0
808,0,18,2,0,37.45141580145812,127.13435235342013,0
809,0,18,2,0,37.436625630423286,127.14517646010542,0
810,0,18,2,0,37.39483350636383,127.04220663291001,0
811,0,18,2,0,37.419493503141865,127.10393493023987,0
812,0,18,2,0,37.43828545418936,127.07971130561187,0
813,0,18,2,0,37.4326004061642,127.14672735911957,0
814,0,18,2,0,37.44412604365861,127.11564200575565,0
815,0,18,2,0,37.34428072726749,127.12466124565148,0
816,0,18,2,0,37.384316028609625,127.1042419140499,0
817,0,18,2,0,37.41356059771433,127.11170868156013,0
818,0,18,2,0,37.36946366293905,127.08952937086718,0
819,0,18,2,0,37.414554384223415,127.04501298061008,0
820,0,18,2,0,37.36568555068576,127.14922867072096,0
821,0,18,2,0,37.33960864464877,127.11325792516294,0
822,0,18,2,0,37.38754873482583,127.10702719500004,0
823,0,18,2,0,37.41157741135745,127.1718761392998,0
824,0,18,2,0,37.43814009840463,127.181368843629,0
825,0,18,2,0,37.378895759714986,127.09821828290019,0
826,0,18,2,0,37.43525783556468,127.09769496191407,0
827,0,18,2,0,37.40438885735935,127.09039023182795,0
828,0,18,2,0,37.373309543854965,127.10590573779737,0
829,0,18,2,0,37.33450706221031,127.12070019401594,0
830,0,18,2,0,37.413125047387496,127.06144984505579,0
831,0,18,2,0,37.4214574224243,127.07880667055217,0
832,0,18,2,0,37.41706900384582,127.1057094549967,0
833,0,18,2,0,37.44265876196198,127.11065801836394,0
834,0,18,2,0,37.382378264756284,127.0668847248278,0
835,0,18,2,0,37.457451374197184,127.16886483579854,0
836,0,18,2,0,37.45346379289527,127.13822082303312,0
837,0,18,2,0,37.367066459258815,127.1167867842426,0
838,0,18,2,0,37.34185149166539,127.11043411080581,0
839,0,18,2,0,37.38606537675297,127.14554146232959,0
840,0,18,2,0,37.39490412620438,127.12317655040654,0
841,0,18,2,0,37.377934939876894,127.07159105692082,0
842,0,18,2,0,37.43249093046568,127.16234881754247,0
843,0,18,2,0,37.378366164447705,127.15134274691545,0
844,0,18,2,0,37.35536125547506,127.12601571440558,0
845,0,18,2,0,37.399299000851265,127.05534758234204,0
846,0,18,2,0,37.409181374153526,127.0960567524917,0
847,0,18,2,0,37.37086277130851,127.07954614959556,0
848,0,22,3,0,37.45026450611761,127.14305455887586,0
849,0,22,3,0,37.40600392949622,127.08752112429494,0
850,0,22,3,0,37.370178038504044,127.14156305131883,0
851,0,22,3,0,37.39733949118089,127.09570027460364,0
852,0,22,3,0,37.368719197145516,127.15348222380382,0
853,0,22,3,0,37.44708351684854,127.10539280298593,0
854,0,22,3,0,37.42252954547881,127.09029466621487,0
855,0,22,3,0,37.41574411108652,127.13609929238068,0
856,0,22,3,0,37.41455040898155,127.0559552213097,0
857,0,22,3,0,37.389248739345675,127.16585732946294,0
858,0,22,3,0,37.363749467231195,127.05676524392236,0
859,0,22,3,0,37.37296268682148,127.05917680004453,0
860,0,22,3,0,37.36814383824688,127.13181070340798,0
861,0,22,3,0,37.391652312315095,127.07732648139667,0
862,0,22,3,0,37.34200481229826,127.1202962370885,0
863,0,22,3,0,37.422594161222385,127.11611421526626,0
864,0,22,3,0,37.44580340763053,127.16257599709331,0
865,0,22,3,0,37.443974513462756,127.19405480945811,0
866,0,22,3,0,37.410396809357685,127.08808759408385,0
867,0,22,3,0,37.388312768552964,127.11217661302733,0
868,0,22,3,0,37.37848212422927,127.05794356914897,0
869,0,22,3,0,37.371077630030044,127.13814694444547,0
870,0,22,3,0,37.46311760645127,127.1649494187872,0
871,0,22,3,0,37.383563669280804,127.16177280161686,0
872,0,22,3,0,37.4529284282377,127.16880569736168,0
873,0,22,3,0,37.417186197856694,127.05731890289007,0
874,0,22,3,0,37.43205260008082,127.16325557882683,0
875,0,22,3,0,37.46740315014995,127.14549336094692,0
876,0,22,3,0,37.41302634308779,127.12246803469101,0
877,0,22,3,0,37.40274750703278,127.07967146158312,0
878,0,22,3,0,37.40784107832172,127.06449924504712,0
879,0,22,3,0,37.46333278066814,127.14824670124334,0
880,0,22,3,0,37.44290674065163,127.18191969865782,0
881,0,22,3,0,37.455113482046215,127.17002604915143,0
882,0,22,3,0,37.37606173460776,127.04469812700019,0
883,0,22,3,0,37.44537855984501,127.18721046177053,0
884,0,22,3,0,37.42520032783656,127.189222666992,0
885,0,22,3,0,37.46475629825837,127.14431642388905,0
886,0,22,3,0,37.358181733110044,127.12672891716531,0
887,0,22,3,0,37.43076151297257,127.07929657117819,0
888,0,22,3,0,37.46365207273983,127.12898825533952,0
889,0,22,3,0,37.458788680827375,127.13516076833729,0
890,0,22,3,0,37.37089169783653,127.10280145274338,0
891,0,22,3,0,37.470450217194056,127.15087731637864,0
892,0,22,3,0,37.41060984172687,127.09138290533247,0
893,0,22,3,0,37.40119913305039,127.04476476963539,0
894,0,22,3,0,37.42545340709956,127.17297996213993,0
895,0,22,3,0,37.378459400475194,127.07729343661715,0
896,0,22,3,0,37.3864848767699,127.05631097104543,0
897,0,22,3,0,37.41075443514446,127.15077654121967,0
898,0,22,3,0,37.42017416064139,127.1275830530577,0
899,0,22,3,0,37.33776359432463,127.10887188613461,0
900,0,22,3,0,37.43662784089036,127.14910421367632,0
901,0,22,3,0,37.373198683131676,127.07230959097214,0
902,0,22,3,0,37.45216940188616,127.1238404860002,0
903,0,22,3,0,37.38441574785087,127.05353435576203,0
904,0,22,3,0,37.37504114117685,127.09960306308999,0
905,0,22,3,0,37.418274727186336,127.13901375964907,0
906,0,22,3,0,37.37465387929801,127.05643319536637,0
907,0,22,3,0,37.38959790807629,127.07955382982644,0
908,0,22,3,0,37.42687778322762,127.10994115995413,0
909,0,22,3,0,37.396430608386424,127.08981751665227,0
910,0,22,3,0,37.39915796249327,127.07197858772318,0
911,0,22,3,0,37.37136546049817,127.06574896868139,0
912,0,22,3,0,37.40996275651685,127.0855118107051,0
913,0,22,3,0,37.45230273248281,127.1207860232092,0
914,0,22,3,0,37.39259145915389,127.16530585091098,0
915,0,22,3,0,37.45599388556977,127.11774507886325,0
916,0,22,3,0,37.458081528050094,127.10754162098911,0
917,0,22,3,0,37.344547345366465,127.10778336550176,0
918,0,22,3,0,37.43441170660249,127.17949081830811,0
919,0,22,3,0,37.4607407794668,127.11212755688771,0
920,0,22,3,0,37.429210821586416,127.16228720252131,0
921,0,22,3,0,37.35039263525894,127.13199506253669,0
922,0,22,3,0,37.45135662972157,127.13316404611646,0
923,0,22,3,0,37.389582016640546,127.09296101569677,0
924,0,22,3,0,37.37244590053042,127.08254196824267,0
925,0,22,3,0,37.456923466928,127.10473946119926,0
926,0,22,3,0,37.421505569460365,127.1599503278111,0
927,0,22,3,0,37.39272749094109,127.11556746753651,0
928,0,22,3,0,37.354341354357686,127.09738995115008,0
929,0,22,3,0,37.44064523160177,127.12655809925923,0
930,0,22,3,0,37.347664044032236,127.1223129019592,0
931,0,22,3,0,37.40914020533612,127.07581129473361,0
932,0,22,3,0,37.39149642089831,127.08552488942323,0
933,0,22,3,0,37.402061290000745,127.09211103383763,0
934,0,22,3,0,37.338679063701015,127.13009341674719,0
935,0,22,3,0,37.43149174429279,127.13004182148948,0
936,0,22,3,0,37.366983249682974,127.08344433593975,0
937,0,22,3,0,37.46362332727503,127.15309072533736,0
938,0,22,3,0,37.40291480198771,127.07484521967336,0
939,0,22,3,0,37.42468754150708,127.097781735691,0
940,0,22,3,0,37.3632790919081,127.05930870640591,0
941,0,22,3,0,37.43817955619692,127.16624133049292,0
942,0,22,3,0,37.456035604435506,127.15540133527364,0
943,0,22,3,0,37.4062599407887,127.16574502100393,0
944,0,22,3,0,37.377385326961374,127.05443928529397,0
945,0,22,3,0,37.35256628641631,127.11291669878841,0
946,0,22,3,0,37.45775320514663,127.1708354749749,0
947,0,22,3,0,37.45176236034672,127.16774780662269,0
948,0,22,3,0,37.39794025970214,127.06965751542666,0
949,0,22,3,0,37.43304372816717,127.18205536169901,0
950,0,22,3,0,37.42325262654004,127.11263611636615,0
951,0,22,3,0,37.41740176521245,127.09033283337297,0
952,0,22,3,0,37.3828501393553,127.126380915777,0
953,0,22,3,0,37.43081131391859,127.15363062484022,0
954,0,22,3,0,37.38805596850333,127.07563922344319,0
955,0,22,3,0,37.4143204069764,127.05510084754495,0
956,0,22,3,0,37.454610196996406,127.18993812074133,0
957,0,22,3,0,37.429233503069874,127.13655236609091,0
958,0,22,3,0,37.39130083109976,127.07295162509342,0
959,0,22,3,0,37.424944502646085,127.18095992681279,0
960,0,22,3,0,37.39332337533645,127.13577234062899,0
961,0,22,3,0,37.38270152740746,127.09100679104266,0
962,0,22,3,0,37.39938993342988,127.0700792460736,0
963,0,22,3,0,37.44997089437041,127.14156519984412,0
964,0,22,3,0,37.347850980402974,127.09448310856422,0
965,0,22,3,0,37.42706383384614,127.11370998281573,0
966,0,22,3,0,37.38631117064083,127.16948856679491,0
967,0,22,3,0,37.41952429478485,127.13654601575698,0
968,0,22,3,0,37.45522976510394,127.13541161925183,0
969,0,22,3,0,37.433957410287185,127.0716172790748,0
970,0,22,3,0,37.44730035503639,127.17897128839819,0
971,0,22,3,0,37.4182489529133,127.16260889254465,0
972,0,22,3,0,37.429666382557656,127.13876327110611,0
973,0,22,3,0,37.426080131327275,127.14897729559142,0
974,0,22,3,0,37.388297725843735,127.09808317527029,0
975,0,22,3,0,37.36024160722832,127.12388632104124,0
976,0,22,3,0,37.36483107575665,127.1498627514502,0
977,0,22,3,0,37.44439618861576,127.11759724555543,0
978,0,22,3,0,37.4284093613519,127.18012116683465,0
979,0,22,3,0,37.45295648182704,127.11300405278968,0
